{
  "benchmarks": [
    {
      "callback_evaluations": 140007000,
      "compiler": "13.3.0",
      "cplusplus": 202100,
      "iterations": 20000000,
      "lower_is_better": true,
      "median": 10.22549995,
      "metric": "nanoseconds_per_call",
      "name": "tnlp_adapter_eval_h_fixed_variable",
      "repetitions": 7,
      "samples": [
        10.1119091,
        10.1147934,
        10.13057905,
        10.22549995,
        10.27443465,
        10.3759724,
        10.5023637
      ],
      "schema_version": 1,
      "warmup": 1000
    },
    {
      "callback_evaluations": 140007000,
      "compiler": "13.3.0",
      "cplusplus": 202100,
      "iterations": 20000000,
      "lower_is_better": true,
      "median": 15.37701795,
      "metric": "nanoseconds_per_call",
      "name": "tnlp_adapter_eval_grad_f_fixed_variable",
      "repetitions": 7,
      "samples": [
        15.29792365,
        15.33270905,
        15.3482478,
        15.37701795,
        15.3824039,
        15.39031125,
        15.39165885
      ],
      "schema_version": 1,
      "warmup": 1000
    }
  ],
  "description": "Pinned CPU-4 baselines for accepted fixed-variable adapter workspaces",
  "schema_version": 1
}
